,0,1
0,-1381.5029214141991,0.5215071808390869
1,-1378.6790099262707,0.508731588367222
2,-1375.855098438342,0.495955995895414
3,-1373.031186950414,0.48318040342366103
4,-1370.2072754624855,0.47040481095179615
5,-1367.3833639745574,0.4576292184800414
6,-1364.5594524866287,0.44485362600823336
7,-1361.7355409987008,0.4320780335364786
8,-1358.9116295107722,0.41930244106461373
9,-1356.087718022844,0.40652684859286076
10,-1353.2638065349154,0.3937512561209959
11,-1350.4398950469874,0.38097566364918783
12,-1347.615983559059,0.36820007117743486
13,-1344.7920720711304,0.35542447870557
14,-1341.9681605832022,0.3426488862338721
15,-1339.1442490952736,0.3298732937620072
16,-1336.3203376073454,0.3170977012901956
17,-1333.496426119417,0.30432210881838756
18,-1330.6725146314886,0.2915465163466346
19,-1327.8486152519406,0.27875961620854284
20,-1325.024691655632,0.26599533140296167
21,-1322.2007801677037,0.25321973893126554
22,-1319.376868679775,0.24044414645934378
23,-1316.5529571918469,0.22766855398758903
24,-1313.7290457039185,0.214892961515781
25,-1310.9051342159903,0.20211736904402625
26,-1308.0812227280617,0.18934177657216136
27,-1305.2573112401333,0.1765661841004084
28,-1302.4333997522053,0.16379059162860035
29,-1299.6094882642767,0.15101499915673547
30,-1296.7855767763485,0.1382394066849825
31,-1293.96166528842,0.12546381421317446
32,-1291.1377538004917,0.11268822174136287
33,-1288.3138423125633,0.09991262926955483
34,-1285.489930824635,0.08713703679780008
35,-1282.6660193367068,0.0743614443259352
36,-1279.8421078487781,0.06158585185418222
37,-1277.01819636085,0.04881025938237418
38,-1274.1942848729213,0.0360346669105093
39,-1271.3703733849932,0.02325907443875633
40,-1268.5464618970648,0.010483481966948292
41,-1265.7225504091364,-0.0022921105048633013
42,-1262.8986510295886,-0.015079010642898176
43,-1260.0747274332798,-0.02784329544842609
44,-1257.2508159453514,-0.040618887920290975
45,-1254.426904457423,-0.05339448039210079
46,-1251.6029929694948,-0.06617007286385199
47,-1248.7790814815664,-0.07894566533571687
48,-1245.955169993638,-0.09172125780746984
49,-1243.1312585057096,-0.10449685027927788
50,-1240.3073470177812,-0.11727244275114632
51,-1237.483435529853,-0.1300480352228975
52,-1234.6595240419244,-0.14282362769465226
53,-1231.835612553996,-0.15559922016651714
54,-1229.0117010660679,-0.16837481263832652
55,-1226.1877895781392,-0.18115040511007816
56,-1223.363878090211,-0.19392599758194348
57,-1220.5399666022827,-0.20670159005375285
58,-1217.7160551143545,-0.21947718252550716
59,-1214.8921436264259,-0.23225277499731564
60,-1212.068232138498,-0.24502836746912413
61,-1209.2443327589494,-0.25781526760710216
62,-1206.4204091626411,-0.2705795524127433
63,-1203.5964976747125,-0.28335514488455266
64,-1200.7725861867846,-0.29613073735636114
65,-1197.948674698856,-0.3089063298281696
66,-1195.1247632109275,-0.32168192229992215
67,-1192.3008517229994,-0.3344575147717333
68,-1189.4769402350707,-0.3472331072435418
69,-1186.6530287471426,-0.36000869971535027
70,-1183.8291172592142,-0.37278429218710146
71,-1181.0052057712858,-0.38555988465896945
72,-1178.1812942833574,-0.39833547713083567
73,-1175.3573827954292,-0.41111106960253047
74,-1172.5334713075008,-0.4238866620743958
75,-1169.7095598195722,-0.4366622545461483
76,-1166.8856483316438,-0.44943784701795947
77,-1164.0617368437156,-0.46221343948976795
78,-1161.2378253557874,-0.474989031961548
79,-1158.413913867859,-0.48776462443335605
80,-1155.5900023799306,-0.5005402169052241
81,-1152.7660908920022,-0.5133158093770335
82,-1149.9421794040738,-0.5260914018487567
83,-1147.1182679161457,-0.538866994320622
84,-1144.294356428217,-0.5516425867923754
85,-1141.4704449402889,-0.5644181792641573
86,-1138.6465334523605,-0.5771937717360226
87,-1135.8226219644323,-0.5899693642078311
88,-1132.9987104765037,-0.6027449566795845
89,-1130.1747989885753,-0.615520549151421
90,-1127.350887500647,-0.6282961416232312
91,-1124.5269760127185,-0.6410717340949829
92,-1121.7030766331704,-0.653858634233075
93,-1118.8791651452423,-0.6666342267048568
94,-1116.0552415489335,-0.6793985115104119
95,-1113.2313300610053,-0.6921741039822488
96,-1110.407418573077,-0.7049496964540004
97,-1107.5835070851485,-0.7177252889258107
98,-1104.7595955972201,-0.7305008813976755
99,-1101.9356841092917,-0.7432764738694858
100,-1099.1117847297437,-0.7560633740074358
101,-1096.2878611334352,-0.7688276588130744
102,-1093.4639496455068,-0.7816032512848278
103,-1090.6400381575784,-0.7943788437566665
104,-1087.8161266696502,-0.8071544362285034
105,-1084.9922151817216,-0.8199300287002834
106,-1082.1683036937934,-0.8327056211720653
107,-1079.3443922058648,-0.8454812136438733
108,-1076.5204807179364,-0.8582568061156551
109,-1073.6965692300082,-0.8710323985874352
110,-1070.8726698504602,-0.8838192987254989
111,-1068.0487462541516,-0.8965835835310824
112,-1065.224834766223,-0.9093591760028926
113,-1062.400923278295,-0.9221347684747011
114,-1059.5770117903662,-0.9349103609465096
115,-1056.753100302438,-0.947685953418263
116,-1053.9291888145096,-0.960461545890071
117,-1051.1052773265815,-0.9732371383619097
118,-1048.281365838653,-0.9860127308336614
119,-1045.4574543507247,-0.9987883233054983
120,-1042.6335428627965,-1.0115639157773368
121,-1039.8096313748679,-1.0243395082491187
122,-1036.9857198869395,-1.0371151007208987
123,-1034.161808399011,-1.0498906931927072
124,-1031.337896911083,-1.0626662856645175
125,-1028.5139854231545,-1.0754418781363255
126,-1025.690073935226,-1.0882174706081358
127,-1022.8661624472977,-1.1009930630799158
128,-1020.0422509593693,-1.1137686555517243
129,-1017.2183394714409,-1.1265442480235346
130,-1014.3944279835126,-1.1393198404953164
131,-1011.5705164955842,-1.152095432967125
132,-1008.7466171160364,-1.1648823331051887
133,-1005.9226935197277,-1.1776466179107437
134,-1003.0987820317995,-1.1904222103825517
135,-1000.2748705438707,-1.203197802854362
136,-997.4509590559428,-1.215973395326142
137,-994.6270475680141,-1.228748987797922
138,-991.8031360800858,-1.2415245802697608
139,-988.9792245921575,-1.254300172741571
140,-986.1553131042292,-1.2670757652133795
141,-983.3314016163008,-1.279851357685188
142,-980.5074901283726,-1.2926269501569698
143,-977.6835786404442,-1.3054025426287779
144,-974.8596671525156,-1.3181781351005597
145,-972.0357677729676,-1.3309650352385667
146,-969.2118562850393,-1.3437406277104036
147,-966.3879326887306,-1.3565049125160438
148,-963.5640212008024,-1.3692805049877972
149,-960.740109712874,-1.3820560974596057
150,-957.9161982249457,-1.3948316899314142
151,-955.092286737017,-1.4076072824031676
152,-952.2683752490888,-1.4203828748749778
153,-949.4444637611605,-1.4331584673467859
154,-946.6205522732321,-1.4459340598185944
155,-943.7966407853038,-1.4587096522904028
156,-940.9727292973755,-1.471485244762213
157,-938.1488178094472,-1.4842608372340234
158,-935.3249063215185,-1.4970364297058318
159,-932.5009948335903,-1.5098120221775835
160,-929.6770833456619,-1.5225876146494222
161,-926.8531718577336,-1.5353632071212324
162,-924.0292603698052,-1.548138799593012
163,-921.2053488818771,-1.5609143920648205
164,-918.3814373939487,-1.573689984536629
165,-915.5575259060204,-1.5864655770084393
166,-912.733614418092,-1.599241169480221
167,-909.9097029301635,-1.612016761952058
168,-907.0857914422351,-1.624792354423838
169,-904.2618799543068,-1.6375679468956768
170,-901.4379684663785,-1.6503435393674586
171,-898.6140569784501,-1.6631191318392382
172,-895.7901454905218,-1.6758947243110467
173,-892.9662340025934,-1.6886703167828552
174,-890.1423225146649,-1.7014459092546654
175,-887.3184110267365,-1.7142215017264757
176,-884.4944995388082,-1.7269970941983126
177,-881.6705880508799,-1.7397726866700642
178,-878.846688671332,-1.7525595868081014
179,-876.0227650750234,-1.7653238716136848
180,-896.4729885667088,-54.12874716329112
181,-870.6981939738832,-2.5179673857128972
182,-867.8742824859548,-2.530742978184734
183,-865.0503709980266,-2.543518570656572
184,-862.2264595100983,-2.5562941631283262
185,-859.40254802217,-2.5690697556001347
186,-856.5786365342417,-2.581845348071943
187,-853.7547250463134,-2.594620940543726
188,-850.930813558385,-2.6073965330155353
189,-848.1069020704564,-2.6201721254873434
190,-845.282990582528,-2.632947717959152
191,-842.4590790945997,-2.6457233104309887
192,-839.6351676066714,-2.6584989029027697
193,-836.8112561187431,-2.6712744953745524
194,-833.9873446308148,-2.684050087846361
195,-831.1634331428864,-2.6968256803181694
196,-828.3395216549582,-2.709601272789952
197,-825.5156101670295,-2.7223768652617615
198,-822.6916986791011,-2.735152457733598
199,-819.8677871911729,-2.7479280502053496
200,-817.0438757032446,-2.7607036426771865
201,-814.2199642153163,-2.773479235148996
202,-811.396052727388,-2.786254827620807
203,-808.5721412394596,-2.799030420092587
204,-805.7482418599116,-2.811817320230594
205,-802.9243182636027,-2.8245816050362067
206,-800.1004067756744,-2.8373571975079876
207,-797.276495287746,-2.8501327899797673
208,-794.4525837998177,-2.8629083824515758
209,-791.6286723118894,-2.875683974923441
210,-788.804760823961,-2.8884595673951936
211,-785.9808493360326,-2.9012351598670048
212,-792.8912918755356,18.35787487115672
213,-780.6470377804155,-2.240596485988177
214,-777.8231262924872,-2.2533720784599587
215,-774.999214804559,-2.266147670931769
216,-772.1753033166307,-2.278923263403549
217,-769.3513918287023,-2.291698855875414
218,-766.527480340774,-2.304474448347194
219,-763.7035688528456,-2.317250040819004
220,-760.8796573649171,-2.3300256332908145
221,-758.0557458769887,-2.342801225762623
222,-755.2318343890604,-2.3555768182343746
223,-752.4079229011321,-2.368352410706185
224,-749.5840114132038,-2.3811280031780235
225,-746.7600999252755,-2.393903595649775
226,-743.936188437347,-2.4066791881216116
227,-741.112289057799,-2.4194660882596755
228,-738.2883654614902,-2.4322303730652304
229,-735.464453973562,-2.445005965537012
230,-732.6405424856335,-2.4577815580088207
231,-729.8166309977053,-2.470557150480629
232,-726.992719509777,-2.4833327429524394
233,-757.7870029924019,-78.11371056761016
234,-721.6681484086369,-3.2359762570516826
235,-718.8442369207086,-3.2487518495234906
236,-716.0203254327803,-3.2615274419952707
237,-713.1964139448519,-3.274303034467081
238,-710.3725145653041,-3.287089934605118
239,-707.5485909689953,-3.2998542194106997
240,-704.724679481067,-3.3126298118824797
241,-701.9007679931386,-3.32540540435429
242,-699.0768565052103,-3.3381809968261003
243,-696.2529450172818,-3.3509565892979087
244,-693.4290335293534,-3.3637321817696884
245,-690.605122041425,-3.3765077742415253
246,-687.7812105534967,-3.3892833667133355
247,-684.9572990655685,-3.402058959185089
248,-682.1333875776401,-3.414834551656926
249,-679.3094760897118,-3.4276101441287343
250,-740.2298829104465,135.85615560435423
251,-748.710382551148,160.54621492949016
252,-671.465764466406,-2.0935572038992736
253,-668.6418529784777,-2.106332796371053
254,-665.8179535989298,-2.1191196965090886
255,-662.994030002621,-2.1318839813147004
256,-660.1701185146926,-2.144659573786482
257,-657.3462070267642,-2.1574351662582623
258,-654.5222955388359,-2.1702107587300423
259,-651.6983840509075,-2.182986351201881
260,-648.8744725629792,-2.195761943673663
261,-646.0505610750508,-2.208537536145443
262,-643.2266495871226,-2.221313128617308
263,-656.7313319516595,33.44778393767761
264,-637.8928380315053,-1.5606744547384532
265,-635.068926543577,-1.5734500472102346
266,-632.2450150556487,-1.586225639682072
267,-629.4211035677204,-1.5990012321538525
268,-667.7326881311953,88.2790946811136
269,-624.0872920121034,-0.9383625582750131
270,-621.2633805241751,-0.9511381507468221
271,-618.4394690362467,-0.9639137432186443
272,-615.6155575483183,-0.976689335690439
273,-671.197770224978,126.64184881281106
274,-610.2817459927013,-0.31605066181161373
275,-607.457834504773,-0.32882625428340845
276,-604.6339230168447,-0.34160184675518895
277,-680.6834689598297,-177.76490575320176
278,-599.3093640240852,-1.0942566685206725
279,-596.4854404277764,-1.10702095332627
280,-593.661528939848,-1.1197965457980785
281,-590.8376174519196,-1.1325721382698604
282,-588.0137059639912,-1.1453477307416973
283,-585.1898065844433,-1.1581346308796912
284,-582.3658829881347,-1.170898915685259
285,-579.5419715002064,-1.1836745081570679
286,-576.7180600122779,-1.1964501006288777
287,-573.8941485243496,-1.209225693100686
288,-571.0702370364212,-1.2220012855724678
289,-568.2463255484928,-1.2347768780443047
290,-565.4224140605645,-1.2475524705161007
291,-562.5985025726361,-1.260328062987895
292,-559.7745910847078,-1.2731036554596904
293,-556.9506795967795,-1.2858792479315135
294,-554.1267681088511,-1.298654840403294
295,-551.3028566209227,-1.3114304328750896
296,-548.4789451329945,-1.3242060253469137
297,-545.6550336450659,-1.3369816178187082
298,-542.8311221571377,-1.3497572102905024
299,-540.0072106692093,-1.3625328027623127
300,-537.183299181281,-1.3753083952341354
301,-534.3593876933525,-1.3880839877059166
302,-531.5354762054242,-1.4008595801777255
303,-528.7115768258763,-1.4136464803157471
304,-525.8876532295675,-1.4264107651213442
305,-523.0637417416391,-1.4391863575931398
306,-606.2789593993941,186.56405936728282
307,-517.7299301860222,-0.7785476837142981
308,-514.9060186980939,-0.7913232761861225
309,-512.0821072101654,-0.8040988686579026
310,-509.2581957222371,-0.8168744611297122
311,-506.43428423430873,-0.8296500536015211
312,-594.6736846158992,198.1526334124335
313,-501.10047267869163,-0.16901137972268074
314,-498.27656119076335,-0.1817869721944901
315,-495.45264970283506,-0.19456256466629904
316,-492.6287382149067,-0.20733815713807954
317,-489.8048267269782,-0.22011374960990357
318,-486.98091523904986,-0.2328893420817125
319,-484.1570037511214,-0.245664934553493
320,-481.3330922631931,-0.25844052702530235
321,-478.50918077526484,-0.2712161194971117
322,-475.68526928733655,-0.2839917119689211
323,-472.86135779940815,-0.29676730444070204
324,-498.48361128656325,-64.29366786260832
325,-467.53678669826826,-1.0494108185399582
326,-464.71287521034,-1.0621864110117685
327,-461.88896372241146,-1.0749620034835485
328,-516.529142138352,124.48500656855065
329,-456.5551521667946,-0.41432332960472223
330,-453.7312406788663,-0.4270989220765316
331,-450.90732919093773,-0.43987451454832677
332,-448.08341770300945,-0.45265010702013614
333,-445.25950621508116,-0.46542569949193086
334,-442.4355947271528,-0.4782012919637398
335,-439.61168323922436,-0.4909768844355496
336,-436.78778385967644,-0.5037637845735854
337,-433.96387237174815,-0.516539377045381
338,-431.1399487754394,-0.5293036618509485
339,-428.31603728751094,-0.5420792543227578
340,-425.4921257995826,-0.5548548467945672
341,-422.66821431165425,-0.5676304392663624
342,-419.84430282372585,-0.5804060317381571
343,-417.0203913357975,-0.5931816242099944
344,-414.19647984786917,-0.6059572166817758
345,-411.37256835994083,-0.6187328091535703
346,-408.5486568720126,-0.6315084016253806
347,-405.7247453840841,-0.6442839940971888
348,-402.90083389615575,-0.657059586568984
349,-400.07692240822746,-0.6698351790407934
350,-397.253010920299,-0.6826107715125885
351,-394.42909943237066,-0.6953863639843835
352,-391.6051879444423,-0.708161956456192
353,-388.78127645651404,-0.7209375489280022
354,-385.9573649685856,-0.7337131413998107
355,-383.13345348065724,-0.7464887338715925
356,-380.30954199272895,-0.7592643263434008
357,-377.4856305048006,-0.7720399188152102
358,-374.6617311252526,-0.7848268189532464
359,-371.8378196373243,-0.7976024114250415
360,-369.01390814939595,-0.8103780038968509
361,-366.1899845530872,-0.8231422887024323
362,-363.36607306515873,-0.8359178811742284
363,-360.5421615772304,-0.8486934736460227
364,-357.7182500893021,-0.8614690661178187
365,-354.8943386013737,-0.8742446585896554
366,-352.0704271134453,-0.8870202510614363
367,-349.2465277338974,-0.8998071511994654
368,-346.4226041375886,-0.9125714360050409
369,-343.5987047580407,-0.92535833614307
370,-340.7747811617319,-0.9381226209486443
371,-337.9508696738036,-0.9508982134204688
372,-335.1269581858752,-0.9636738058922559
373,-332.30304669794685,-0.9764493983640591
374,-329.47913521001846,-0.9892249908358531
375,-326.65522372209017,-1.0020005833076766
376,-323.83131223416177,-1.0147761757794647
377,-321.0074007462334,-1.027551768251274
378,-318.18348925830503,-1.0403273607230692
379,-383.81406738263576,148.5362862700964
380,-312.8496777026881,-0.3796886868442498
381,-310.0257662147597,-0.3924642793160374
382,-312.22603745066687,10.573797869371136
383,-364.9821473451691,132.01662728847074
384,-302.1820545914541,0.9415886609134175
385,-299.3581431035257,0.9288130684416224
386,-296.5342316155974,0.9160374759698059
387,-293.710320127669,0.9032618834980107
388,-290.88640863974064,0.8904862910262087
389,-288.0625092601927,0.8776993908881658
390,-285.23859777226437,0.8649237984163778
391,-282.41467417595555,0.8521595136107957
392,-279.5907626880272,0.8393839211390076
393,-276.76685120009887,0.8266083286671911
394,-273.9429397121705,0.8138327361953962
395,-271.1190282242421,0.8010571437235868
396,-268.29511673631373,0.7882815512517848
397,-265.47120524838544,0.7755059587799754
398,-262.6472937604571,0.7627303663081736
399,-259.8233822725287,0.7499547738363784
400,-256.9994707846003,0.737179181364562
401,-254.1755714050524,0.7243922812265546
402,-251.3516478087437,0.711627996420965
403,-248.5277484291957,0.6988410962829361
404,-245.70383694126727,0.6860655038111338
405,-242.87991334495862,0.6733012190055586
406,-240.0560018570302,0.6605256265337563
407,-311.2567696792624,-165.85639334257826
408,-408.32577970943953,-50.78949108158101
409,-232.544794671299,-0.14580725803671624
410,-229.72087107499024,-0.1585715428422841
411,-226.89695958706196,-0.17134713531409348
412,-224.07304809913353,-0.18412272778589553
413,-221.24913661120522,-0.1968983202576978
414,-218.42522512327682,-0.20967391272949273
415,-215.60131363534842,-0.22244950520130566
416,-212.77740214742013,-0.23522509767311148
417,-219.05982184644367,19.65150521570577
418,-207.44359059180314,0.42541357620572223
419,-204.6196912122551,0.4126266760676829
420,-201.7957676159464,0.39986239126211814
421,-198.97185612801803,0.38708679879031255
422,-196.14794464008972,0.3743112063185103
423,-193.32403315216132,0.36153561384670824
424,-190.500121664233,0.34876002137490597
425,-226.2996148657902,84.73733706406287
426,-185.16631010861602,1.0093986952537397
427,-182.34239862068762,0.9966231027819373
428,-179.51849924113966,0.983836202643905
429,-176.6945756448309,0.9710719178383296
430,-173.87066415690256,0.9582963253665241
431,-171.0467526689742,0.9455207328947218
432,-168.22284118104585,0.932745140422916
433,-165.39892969311748,0.9199695479511141
434,-162.57501820518914,0.9071939554793154
435,-159.7511067172608,0.8944183630075099
436,-156.92719522933245,0.8816427705357112
437,-154.10328374140408,0.8688671780639057
438,-267.03044460562745,-19.99388756567485
439,-149.09272406050394,0.8024135227871007
440,-146.26882468095593,0.7896266226490716
441,-259.6291265733437,254.66711010214524
442,-140.9350010169586,1.4502766041941322
443,-138.11108952903024,1.43750101172233
444,-135.28717804110187,1.4247254192505223
445,-132.46326655317353,1.411949826778722
446,-129.63935506524516,1.3991742343069182
447,-126.81544357731677,1.386398641835116
448,-123.9915441977688,1.3736117416970834
449,-121.16762060146006,1.36084745689151
450,-118.3437091135317,1.348071864419708
451,-244.57849134412842,283.35932824796953
452,-113.00989755791471,2.0087105382985375
453,-110.18598606998636,1.9959349458267324
454,-107.36207458205801,1.9831593533549319
455,-104.53817520251005,1.970372453216901
456,-101.7142516062013,1.9576081684113253
457,-98.89035222665333,1.9448212682732962
458,-96.06642863034459,1.9320569834677181
459,-93.24251714241623,1.9192813909959168
460,-90.41860565448786,1.9065057985241136
461,-87.59469416655952,1.8937302060523105
462,-84.77078267863114,1.880954613580508
463,-81.94688329908318,1.868167713442478
464,-79.12295970277445,1.8554034286369017
465,-76.29904821484608,1.8426278361650992
466,-119.00679266167714,101.32738177294665
467,-70.96523665922908,2.50326651004393
468,-68.14132517130072,2.490490917572127
469,-65.31741368337237,2.477715325100324
470,-62.493502195444016,2.4649397326285203
471,-59.66959070751566,2.452164140156718
472,-56.8456792195873,2.439388547684915
473,-54.021767731658954,2.4266129552131126
474,-51.1978562437306,2.4138373627413086
475,-48.37394475580224,2.4010617702695067
476,-45.55003326787388,2.3882861777977027
477,-42.72612177994552,2.3755105853259013
478,-91.29925837199764,-113.24494534289171
479,-37.40155067880566,1.622867071226659
480,-34.57763919087731,1.6100914787548566
481,-31.753739811329336,1.5973045786168274
482,-28.929816215020598,1.5845402938112538
483,-26.105904727092234,1.571764701339448
484,-142.92034435049732,262.9973253202161
485,-20.77210527985563,2.232392067552053
486,-17.94818168354689,2.2196277827464743
487,-15.12427019561853,2.206852190274674
488,-12.300358707690176,2.1940765978028716
489,-45.90177196756937,81.77932462873378
490,-6.966547152073181,2.8547152716817066
491,-4.142635664144824,2.8419396792098985
492,-1.3187241762164668,2.8291640867380945
493,1.5051873117118912,2.816388494266294
494,4.329098799640247,2.803612901794488
495,7.153010287568605,2.790837309322686
496,9.97692177549696,2.7780617168508837
497,-64.13311291918696,-170.2826882146618
498,-122.54952060860042,303.26276622580144
499,17.81139294432546,2.6988324691022796
500,20.635304432253808,2.686056876630475
501,23.459215920182164,2.673281284158673
502,26.28312740811053,2.660505691686867
503,-24.902925385193008,120.67238581667425
504,31.616938963727517,3.3211443655657003
505,34.440838343275495,3.308357465427671
506,37.26476193958423,3.2955931806220957
507,40.08867342751259,3.2828175881502935
508,42.912572807060556,3.2700306880122607
509,45.736496403369294,3.257266403206683
510,48.56040789129765,3.2444908107348773
511,-47.85400615884948,-219.98562983251654
512,53.88496688405712,2.491835988969418
513,56.70889048036586,2.4790717041638426
514,59.53280196829424,2.466296111692033
515,62.35670134784221,2.453509211554004
516,65.18062494415095,2.4407449267484393
517,68.00452432369892,2.427958026610396
518,70.82844792000766,2.415193741804836
519,33.56911483466521,-87.75704197363181
520,76.15300691276713,1.6625389200393625
521,78.97691840069548,1.6497633275675532
522,81.80084199700424,1.6369990427619778
523,84.62474137655221,1.6242121426239486
524,87.44865286448056,1.6114365501521393
525,90.27257646078931,1.5986722653465715
526,93.09648794871767,1.585896672874762
527,95.92039943664601,1.5731210804029674
528,98.74431092457436,1.560345487931158
529,101.56822241250272,1.5475698954593562
530,104.39213390043106,1.534794302987561
531,107.21604538835942,1.5220187105157588
532,-40.27216486705131,-336.58868993932595
533,112.54061648949929,0.7693751964165084
534,16.12620243935218,-222.46074544683486
535,117.86518759063917,0.016731682317272987
536,-85.43389137714756,-203.2326424053279
537,122.87573516315892,-0.049733280625758984
538,125.69964665108726,-0.06250887309756104
539,7.304117228574163,-272.73489659126597
540,15.78203863263016,251.01653710830385
541,133.53412992829612,-0.14172681317994149
542,136.3580414162245,-0.15450240565174364
543,139.18195290415284,-0.16727799812354568
544,142.00586439208118,-0.18005359059534773
545,144.82977588000955,-0.19282918306714988
546,147.65368736793792,-0.20560477553895204
547,150.47759885586626,-0.2183803680107612
548,129.05761974003025,-54.76308064715512
549,155.8021699570061,-0.9710238821099971
550,158.62608144493447,-0.9837994745818063
551,161.4499929328628,-0.9965750670536083
552,164.27390442079118,-1.0093506595254103
553,167.09781590871955,-1.0221262519972054
554,169.92172739664792,-1.0349018444690146
555,172.74563888457624,-1.0476774369408095
556,175.56955037250464,-1.0604530294126189
557,116.65235378951307,-139.94786349061047
558,180.89412147364447,-1.8130965435118687
559,183.71803296157282,-1.8258721359836638
560,186.5419444495012,-1.838647728455466
561,189.3658559374295,-1.851423320927268
562,192.1897674253579,-1.8641989133990702
563,195.01367891328627,-1.8769745058708793
564,197.8375904012146,-1.8897500983426674
565,200.66150188914295,-1.9025256908144694
566,203.48541337707132,-1.915301283286286
567,206.30932486499972,-1.9280768757580806
568,209.13322424454768,-1.940863775896117
569,211.95713573247605,-1.9536393683679263
570,214.78104722040436,-1.966414960839721
571,217.60497081671315,-1.9791792456452892
572,220.42888230464146,-1.9919548381170842
573,223.25279379256986,-2.0047304305889075
574,226.0766931721178,-2.0175173307269296
575,183.68297225390685,96.78105805489842
576,231.41051683611516,-1.3568673491818766
577,234.23442832404353,-1.3696429416536855
578,237.0583277035915,-1.3824298417917218
579,239.88225129990025,-1.3951941265972754
580,242.70616278782856,-1.4079697190690847
581,167.65524205630632,168.75433967642348
582,248.0399743434456,-0.7473310451902585
583,169.5349279892864,176.96306679734917
584,253.37378589906254,-0.08669237131141769
585,256.19768527861055,-0.0994792714494539
586,259.02160887491937,-0.112243556255022
587,261.8455203628477,-0.12501914872684558
588,264.66943185077605,-0.13779474119864052
589,211.28529911579443,122.6774143955458
590,270.0032434063931,0.522843932680172
591,272.8271548943214,0.5100683402083906
592,275.6510663822498,0.4972927477365818
593,278.47497787017807,0.48451715526480116
594,281.29888935810646,0.4717415627929918
595,284.1227887376544,0.45895466265494145
596,286.9467002255828,0.4461790701831605
597,276.58214417182336,29.253388855919926
598,292.2805238895802,1.1068290517282136
599,295.1044232691281,1.0940421515901781
600,297.92834686543694,1.0812778667845953
601,300.7522583533653,1.0685022743128005
602,303.5761698412936,1.0557266818410058
603,306.4000692208415,1.0429397817029695
604,309.2239807087699,1.0301641892311602
605,312.0479043050787,1.017399904425592
606,306.07949602629486,20.217940358982016
607,317.38171586069564,1.6780385783044323
608,214.06976730759854,233.59743526781634
609,154.62455256354636,-375.7493339087465
610,325.2161870295241,1.5988093305558115
611,260.1572048269123,-151.10335538459913
612,330.540758130664,0.8461658164565827
613,327.5461358736889,-12.254271700816648
614,335.86532923180386,0.09352230235733963
615,338.68924071973225,0.08074670988551605
616,341.51314009928024,0.06795980974750826
617,249.3010125288326,-213.70994924681452
618,346.8377233088004,-0.6846723966855074
619,349.6616347967287,-0.6974479891573168
620,166.29246644774676,-419.51540517527434
621,323.8990752941363,66.4827045201647
622,218.17454796259133,-314.15347110298416
623,359.9967655787689,-1.5165451585333574
624,298.17030212332554,-146.94778658213198
625,304.0891097331632,131.53783379774265
626,367.83123674759725,-1.5957744062819785
627,353.19954700081536,-40.871535773158016
628,373.15580784873714,-2.3484179203812077
629,375.9797193366655,-2.3611935128530024
630,264.8174852775754,246.71294964721983
631,237.49630042249052,312.57440050170203
632,383.8234309599711,-1.0271405726235403
633,386.64734244789946,-1.0399161650953497
634,389.47125393582775,-1.0526917575671306
635,392.29516542375626,-1.0654673500389535
636,395.11907691168454,-1.078242942510763
637,397.94298839961283,-1.091018534982558
638,400.76689988754134,-1.103794127454339
639,379.0236688969884,-56.37558673575437
640,406.0914709886811,-1.85643764155361
641,360.75085314379754,-110.20597027821488
642,411.416042089821,-2.609081155652839
643,414.23995357774936,-2.6218567481246624
644,417.06386506567765,-2.634632340596457
645,419.887776553606,-2.6474079330682376
646,422.71168804153444,-2.6601835255400474
647,425.5355995294628,-2.6729591180118564
648,428.35949890901065,-2.685746018149893
649,431.1834225053194,-2.6985103029554605
650,434.00732188486745,-2.7112972030934968
651,436.8312333727958,-2.724072795565292
652,439.6551569691045,-2.7368370803708744
653,442.47906845703295,-2.749612672842669
654,445.30297994496135,-2.762388265314492
655,448.12689143288964,-2.7751638577862736
656,450.9508029208179,-2.787939450258054
657,421.43153812405507,67.87684041598112
658,456.284614476435,-2.127300776379256
659,459.1085259643633,-2.140076368851037
660,311.206955737226,327.2182802734469
661,464.4423375199804,-1.4794376949722392
662,417.16220842679564,-114.1915243065673
663,469.76690862112014,-2.232081209071453
664,472.5908201090485,-2.2448568015432486
665,449.9798065575596,53.323746170602334
666,477.9246316646655,-1.5842181276644365
667,389.6852312830749,197.39806533837051
668,483.25843111190204,-0.9235907614518366
669,486.08235470821097,-0.936355046257405
670,488.90626619613926,-0.9491306387292143
671,491.73017768406754,-0.9619062312010086
672,494.5540891719958,-0.9746818236728184
673,497.3780006599244,-0.9874574161446131
674,500.2019121478527,-1.0002330086164228
675,503.0258236357809,-1.0130086010882176
676,505.8497351237094,-1.025784193559998
677,508.67364661163776,-1.0385597860318643
678,511.4975580995661,-1.0513353785036452
679,514.3214695874943,-1.0641109709754262
680,517.1453810754227,-1.076886563447264
681,519.9692925633511,-1.0896621559190445
682,522.7932040512794,-1.102437748390825
683,525.6171155392079,-1.1152133408626348
684,340.66219772378355,409.2135466424828
685,530.9509270948248,-0.45457466698383625
686,533.7748385827531,-0.4673502594556172
687,536.5987500706815,-0.480125851927455
688,539.4226494502295,-0.4929127520654628
689,542.2465730465383,-0.5056770368710454
690,545.0704845344666,-0.5184526293428259
691,547.894396022395,-0.5312282218146348
692,547.2641818876864,7.004084632760363
693,553.228207578012,0.12941045206421978
694,556.0521069575599,0.11662355192615559
695,558.8760305538685,0.10385926712057306
696,371.62783970828445,-427.439205868864
697,564.2006016550085,-0.6487842469786417
698,567.0245131429368,-0.661559839450451
699,463.0845417493603,232.63021656770638
700,572.3583246985539,-0.0009211655715955753
701,479.41766540387874,113.21192387062423
702,577.368884379454,-0.06737482084842225
703,580.1927958673824,-0.0801504133202596
704,583.0167073553107,-0.09292600579201213
705,510.5229320342111,-169.51821429152653
706,588.3412784564506,-0.8455695198912837
707,449.2576169436783,-320.05187761168645
708,593.6658374492101,-1.5982243416567248
709,596.4897610455188,-1.6109886264623068
710,599.3136725334471,-1.6237642189341166
711,483.75527859100106,257.05703696465287
712,604.6474840890642,-0.9631255450552622
713,607.4713955769924,-0.9759011375270991
714,426.68824222574546,-413.97711969039915
715,612.7959666781323,-1.728544651626342
716,615.6198781660606,-1.741320244098123
717,618.443789653989,-1.754095836569932
718,621.2677011419173,-1.7668714290417409
719,624.0916126298457,-1.7796470215134939
720,626.9155241177741,-1.7924226139853312
721,629.7394356057025,-1.8051982064571694
722,632.5633470936309,-1.8179737989289495
723,635.3872464731788,-1.8307606990669858
724,638.2111700694875,-1.8435249838725682
725,591.1072657393003,107.24788697642315
726,643.5449816251046,-1.1828863099937137
727,646.3688810046526,-1.1956732101317784
728,649.1928046009613,-1.208437494937304
729,652.0167160888897,-1.221213087409112
730,654.8406275768181,-1.2339886798809783
731,657.664526956366,-1.2467755800189577
732,564.71496737956,208.02836707601878
733,662.9983506203632,-0.5861255984739048
734,665.8222621082916,-0.5989011909457141
735,668.64617359622,-0.6116767834175235
736,671.4700850841484,-0.6244523758893045
737,674.2939965720768,-0.6372279683611138
738,677.1179080600051,-0.6500035608329503
739,679.9418195479334,-0.6627791533047597
740,682.7657310358618,-0.6755547457765122
741,685.5896425237902,-0.68833033824835
742,528.2677296894612,349.2557220687227
743,536.115823901225,338.263908735092
744,693.433354147096,0.6457226019811401
745,696.2572656350242,0.6329470095093302
746,699.0811771229525,0.6201714170375497
747,701.9050886108809,0.6073958245657133
748,704.7290000988091,0.5946202320939044
749,707.5529115867375,0.581844639622123
750,631.5599565944963,172.80272361158205
751,506.65202707299903,-462.6424226877936
752,715.3873827555661,0.5026153918735158
753,718.2112942434944,0.489839799401706
754,721.0352057314228,0.47706420692992463
755,723.8591172193511,0.4642886144581157
756,726.6830287072795,0.45151302198627924
757,729.506940195208,0.43873742951449873
758,732.3308516831363,0.42596183704271734
759,735.1547631710647,0.4131862445708791
760,737.978674658993,0.4004106520990702
761,596.6322500232026,-323.8955437437854
762,702.8967614205254,-91.2387740064544
763,652.7073654548891,-210.49469158045017
764,748.3045649865556,-1.831968705255012
765,751.1284764744842,-1.84474429772682
766,579.362038309128,379.66404161507637
767,756.4622880301011,-1.184105623847994
768,759.2861995180295,-1.1968812163198033
769,689.8874843508222,156.61401072036892
770,764.6200110736464,-0.5362425424409484
771,767.4439225615748,-0.5490181349127582
772,770.2678340495031,-0.561793727384568
773,522.2134613550196,63.13984975445845
774,775.2783937304035,-0.6282473826613929
775,567.665334777657,-473.9781292554509
776,780.6029648315432,-1.380890896760636
777,783.4268763194716,-1.3936664892324453
778,786.2507878073999,-1.4064420817041978
779,789.0746992953282,-1.4192176741760072
780,791.8986107832568,-1.4319932666478166
781,794.7225222711851,-1.444768859119626
782,797.5464337591134,-1.4575444515914069
783,800.3703452470418,-1.4703200440632718
784,803.19425673497,-1.4830956365350527
785,806.0181682228983,-1.495871229006862
786,704.2762767709999,226.99257616639295
787,811.3519797785153,-0.8352325551279792
788,791.5670690091838,48.55766168761565
789,816.6857913341324,-0.1745938812491815
790,819.5097028220608,-0.18736947372096288
791,822.3336143099891,-0.20014506619280023
792,825.1575257979175,-0.21292065866460916
793,827.9814372858458,-0.22569625113638878
794,830.8053487737742,-0.2384718436081986
795,833.6292602617025,-0.2512474360800084
796,836.453171749631,-0.2640230285517889
797,839.2770832375594,-0.2767986210235978
798,842.1009947254877,-0.28957421349543605
799,844.924906213416,-0.302349805967189
800,847.7488177013443,-0.31512539843902637
801,850.5727291892725,-0.3279009909108353
802,853.3966406772009,-0.3406765833826149
803,856.2205521651294,-0.35345217585442473
804,859.0444636530578,-0.36622776832623455
805,861.8683751409861,-0.3790033607980435
806,864.6922866289145,-0.391778953269824
807,867.5161981168428,-0.4045545457416054
808,870.3401096047711,-0.4173301382134152
809,873.1640210926994,-0.43010573068525254
810,875.9879325806277,-0.44288132315703305
811,868.7634786208854,21.50241856668914
812,881.321744136245,0.21775735072176552
813,884.1456556241734,0.20498175824998413
814,886.9695671121016,0.19220616577820362
815,651.8800988084223,-534.9605236852404
816,892.2941382132414,-0.5604373483210395
817,895.1180497011696,-0.5732129407928493
818,897.941961189098,-0.5859885332646583
819,741.2480711952486,347.9856841560616
820,794.6631428398508,-244.22837245567885
821,737.0389537557267,-380.20741360025437
822,908.2770919711381,-1.4050857026406987
823,911.1010034590664,-1.4178612951124792
824,913.9249028386143,-1.4306481952505434
825,916.7488264349231,-1.443412480056098
826,919.5727379228517,-1.4561880725279077
827,922.39664941078,-1.468963664999745
828,843.1145847206263,-186.16319086300257
829,927.7212205119198,-2.2216071790989584
830,930.5451319998481,-2.2343827715707394
831,710.6485018078612,-503.21377315227437
832,733.1907776535179,-458.8739166662526
833,938.3703627141997,-3.726894207297473
834,941.194274202128,-3.7396697997692256
835,944.0181856900564,-3.752445392241035
836,946.8420971779847,-3.765220984712873
837,949.666008665913,-3.7779965771846253
838,952.4899201538412,-3.790772169656462
839,893.4535818545447,131.37585442589182
840,769.7308909858658,407.8975919388622
841,794.8286719221155,-374.7279917571117
842,962.8342913903585,-3.196587151054434
843,965.6582028782868,-3.209362743526215
844,968.4821143662151,-3.2221383359980242
845,971.3060258541435,-3.234913928469862
846,974.1299373420718,-3.2476895209416714
847,976.9538488300001,-3.260465113413451
848,979.7777603179286,-3.2732407058852604
849,982.601671805857,-3.2860162983570698
850,985.4255832937854,-3.2987918908288223
851,988.2494947817137,-3.3115674833006317
852,991.073406269642,-3.324343075772441
853,993.8973177575702,-3.337118668244279
854,996.7212292454986,-3.349894260716088
855,802.3614971561434,-446.8889906381247
856,1002.0458003466388,-4.102537774815332
857,1004.869711834567,-4.115313367287111
858,1007.6936233224953,-4.128088959758892
859,1010.5175348104237,-4.140864552230673
860,1013.341446298352,-4.15364014470254
861,757.2406061380769,-586.5673713908374
862,1018.6660173994917,-4.906283658801782
863,1021.4899288874203,-4.919059251273564
864,1024.3138403753485,-4.931834843745373
865,1027.137751863277,-4.944610436217154
866,896.5068097493241,286.6733039708468
867,1032.471563418894,-4.283971762338354
868,1035.2954749068224,-4.296747354810193
869,796.6502359812574,-547.4474928265406
870,1040.620046007962,-5.049390868909379
871,1043.4439574958903,-5.062166461381159
872,1046.267868983819,-5.074942053852998
873,1049.0917804717474,-5.087717646324751
874,1051.9156919596755,-5.100493238796616
875,1054.739603447604,-5.1132688312684245
876,1057.563514935532,-5.1260444237401765
877,1060.3874264234605,-5.138820016212015
878,894.2731938224194,364.0185484377874
879,832.3333844335061,-529.4388429927011
880,1068.2218975922892,-5.2180492639605935
881,1071.0458090802174,-5.23082485643246
882,1073.8697205681458,-5.243600448904185
883,1076.6936320560742,-5.256376041375994
884,1079.5175435440026,-5.269151633847859
885,940.4082930835772,304.87588896142194
886,835.212276009042,540.9124248038686
887,1087.361255167308,-3.9350986936183965
888,1090.1851666552366,-3.947874286090206
889,1093.009078143165,-3.9606498785619015
890,1095.8329896310931,-3.9734254710337678
891,1009.1161318224518,-205.3907762396162
892,1101.157560732233,-4.726068985132983
893,1103.9814722201618,-4.738844577604848
894,1106.8053837080897,-4.7516201700766
895,1109.6292951960183,-4.7643957625484665
896,1112.4532066839465,-4.777171355020163
897,1115.277118171875,-4.789946947491972
898,1118.1010296598033,-4.8027225399637805
899,1010.39292122335,236.7233321730623
900,1123.4348412154202,-4.142083866084955
901,1126.2587527033486,-4.154859458556821
902,1129.082664191277,-4.167635051028629
903,1131.9065756792054,-4.180410643500381
904,1134.7304871671338,-4.193186235972248
905,1137.5543986550622,-4.205961828443944
906,1140.3783101429904,-4.218737420915753
907,1143.2022216309188,-4.231513013387619
908,1146.026133118847,-4.2442886058594285
909,1148.8500446067756,-4.257064198331181
910,1151.6739560947035,-4.269839790803047
911,1154.4978675826324,-4.282615383274855
912,1098.9156549059726,123.3359227652267
913,1159.8316791382492,-3.621976709395972
914,1162.6555906261774,-3.634752301867781
915,1165.4795021141058,-3.6475278943395906
916,1168.3034136020344,-3.6603034868114
917,1171.1273250899626,-3.6730790792832093
918,1053.0568397855986,260.4972409748833
919,1176.4611366455797,-3.012440405404383
920,1179.285048133508,-3.025215997876193
921,1182.1089596214363,-3.037991590347944
922,1184.9328711093644,-3.05076718281981
923,1187.756782597293,-3.063542775291562
924,1190.5806940852212,-3.076318367763372
925,1193.4046055731499,-3.0890939602351817
926,1196.228517061078,-3.1018695527069906
927,1199.0524285490064,-3.1146451451787427
928,1201.876340036935,-3.127420737650666
929,1204.7002394164826,-3.140207637788646
930,1207.5241630127914,-3.1529719225941704
931,1134.6713222229473,162.20600846114135
932,723.2364740432592,-64.99763860012814
933,1215.0446227613804,-2.546011311520361
934,1217.8685342493086,-2.558786903992114
935,1220.6924457372372,-2.5715624964640367
936,1223.5163572251652,-2.5843380889357888
937,1121.1464429327873,227.27648902410888
938,1228.8501687807823,-1.9236994150570204
939,1231.674080268711,-1.9364750075287147
940,1056.7675279009572,386.4342094934989
941,1237.0078918243278,-1.2758363336498877
942,1239.831803312256,-1.2886119261216975
943,1242.6557148001846,-1.3013875185935073
944,1245.4796262881125,-1.314163111065373
945,1162.2644086303576,186.6890826138107
946,1250.8134378437298,-0.6535244371864902
947,1253.637349331658,-0.6663000296583551
948,1219.9337989765816,-82.84050881671673
949,1010.0579769008172,-561.2800369935959
950,1261.4625800460096,-2.1588114653849764
951,1264.2864915339376,-2.1715870578567844
952,1267.1104030218662,-2.184362650328595
953,1269.9343145097946,-2.197138242800403
954,1272.7582259977228,-2.2099138352721543
955,1275.5821374856514,-2.222689427744022
956,1278.4060489735796,-2.235465020215773
957,1008.0400248529513,594.7369365628327
958,1283.7398605291967,-1.5748263463370038
959,1286.5637720171248,-1.5876019388087577
960,1148.4498661285031,-318.61263304313707
961,1200.1970084082664,198.02719332324364
962,1294.3982431859536,-1.6668311865573924
963,1185.7002578965655,-252.52646033772294
964,1299.7228142870933,-2.419474700656664
965,1302.5467257750215,-2.432250293128415
966,1215.1833642169465,-205.3037857200221
967,1307.8712968761615,-3.1848938072276867
968,1310.6952083640897,-3.1976693996994405
969,1313.5191198520183,-3.2104449921712486
970,1316.3430313399465,-3.2232205846430593
971,1319.1669428278751,-3.235996177114924
972,1321.9908543158033,-3.2487717695866754
973,1196.8070234158558,-291.19010970768954
974,1210.1891656675277,251.94740205708308
975,1309.7837092521866,-48.407725424984534
976,1332.3259850978434,-4.067868938962717
977,1335.1498965857716,-4.080644531434471
978,1093.9869345474374,529.0761001811273
979,1340.4837081413887,-3.4200058575557013
980,1343.307619629317,-3.4327814500275093
981,1346.1315311172455,-3.4455570424993742
982,1180.2179640029738,-383.00052845421203
983,1136.6722907744165,465.1556628779484
984,1353.9660022860737,-3.524786290247841
985,1356.7899137740023,-3.537561882719706
986,1142.631933876284,470.6068549711124
987,1362.1237253296192,-2.87692320884088
988,1364.9476368175476,-2.8896988013126905
989,1367.7715483054758,-2.9024743937844986
990,1370.5954597934044,-2.9152499862563066
991,1373.4193591729522,-2.9280368863942874
992,1376.2432706608809,-2.9408124788660954
993,1379.0671942571892,-2.953576763671679
994,1346.3616129856437,67.50669075090151
995,1228.0140780789484,338.01632941580266
996,1386.5876540057782,-2.346616152597869
997,1389.4115654937061,-2.359391745069623
998,1392.2354769816347,-2.372167337541488
999,1395.0593884695631,-2.384942930013296
